conllu_index,correct,incorrect
1377,"Nie wszystkie tomiki Broniewskiego sprzed roku 1939 dochowały się na moich półkach: Trzy salwy, Troska i pieśń, Krzyk ostateczny.","Nie wszystkie tomiki Broniewskiego sprzed roku 1939 dochował się na moich półkach: Trzy salwy, Troska i pieśń, Krzyk ostateczny."
2477,"Krążki VideoCD oprócz ścieżki audio/wideo mogą zawierać m.in. menu, spis rozdziałów (podobnie jak w filmach na DVD), napisy oraz dodatkowe ścieżki dźwiękowe (stereo lub mono).","Krążki VideoCD oprócz ścieżki audio/wideo może zawierać m.in. menu, spis rozdziałów (podobnie jak w filmach na DVD), napisy oraz dodatkowe ścieżki dźwiękowe (stereo lub mono)."
2671,"Towarzysze z Moskwy przeprowadzali w Polsce szkolenia dla działaczy SdRP o zasadach działania partii w sferze gospodarczej - ""pozwalających zabezpieczyć się przed próbami wywłaszczenia"".","Towarzysze z Moskwy przeprowadzał w Polsce szkolenia dla działaczy SdRP o zasadach działania partii w sferze gospodarczej - ""pozwalających zabezpieczyć się przed próbami wywłaszczenia""."
3034,1 lutego 1982 r. - pojawiły się talony na benzynę (w zależności od pojemności samochodu - od 24 l do 45 l miesięcznie).,1 lutego 1982 r. - pojawił się talony na benzynę (w zależności od pojemności samochodu - od 24 l do 45 l miesięcznie).
3054,"Popyt na usługi headhunterskie wyraźnie rośnie w okresach transformacji, a więc prywatyzacji i restrukturyzacji firm, gdy przekształcają się one w spółki giełdowe.","Popyt na usługi headhunterskie wyraźnie rosną w okresach transformacji, a więc prywatyzacji i restrukturyzacji firm, gdy przekształcają się one w spółki giełdowe."
3149,"Już wkrótce po przejeździe przez Berlin kawalkady trzystu trabantów pod hasłem ""DDR Power"" czekają nas kolejne obchody - tym razem w Pradze.","Już wkrótce po przejeździe przez Berlin kawalkady trzystu trabantów pod hasłem ""DDR Power"" czeka nas kolejne obchody - tym razem w Pradze."
3240,"- Niestety, większość z nich trafia tam jakby na własne życzenie.","- Niestety, większość z nich trafiają tam jakby na własne życzenie."
3614,"Ludzie o silnie rozwiniętym ego, którzy siebie uważają za istoty wyższe od innych, a ogół traktują jak błoto, mają naturalną tendencję do myślenia w kategoriach totalnych i posługiwania się doktryną totalną do swoich celów.","Ludzie o silnie rozwiniętym ego, którzy siebie uważają za istoty wyższe od innych, a ogół traktują jak błoto, ma naturalną tendencję do myślenia w kategoriach totalnych i posługiwania się doktryną totalną do swoich celów."
3729,Przybysze z najnowszej fali na ogół stronią od polonijnych organizacji społecznych.,Przybysze z najnowszej fali na ogół stroni od polonijnych organizacji społecznych.
4097,Dlatego w Masterlink pojawiają się kolejne etaty na odległość.,Dlatego w Masterlink pojawia się kolejne etaty na odległość.
4128,"40 rok życia - pojawiają się zmarszczki na czole, między brwiami i tzw. kurze łapki w kącikach oczu, a także bruzdy między nosem a górną wargą; 50 rok życia - obniża się koniuszek nosa, pojawiają się zmarszczki wokół ust i na szyi, zanika tkanka tłuszczowa w okolicy skroniowej i na policzkach;","40 rok życia - pojawia się zmarszczki na czole, między brwiami i tzw. kurze łapki w kącikach oczu, a także bruzdy między nosem a górną wargą; 50 rok życia - obniża się koniuszek nosa, pojawiają się zmarszczki wokół ust i na szyi, zanika tkanka tłuszczowa w okolicy skroniowej i na policzkach;"
4312,"""Gdy wróciła z Las Vegas, ludzie z branży udawali, że jej nie widzą.","""Gdy wróciła z Las Vegas, ludzie z branży udawał, że jej nie widzą."
4366,"Lekarze z laboratorium w Rostowie, gdzie robią badania DNA, powiedzieli, że to Awdotia.","Lekarze z laboratorium w Rostowie, gdzie robią badania DNA, powiedział, że to Awdotia."
4441,"Według szacunków gest miasta wobec mieszkańców zamknie się w granicach 1,5 do 3 mln zł.","Według szacunków gest miasta wobec mieszkańców zamkną się w granicach 1,5 do 3 mln zł."
4475,Większość z nas czuje się reklamami znudzona.,Większość z nas czują się reklamami znudzona.
4633,"Jednak większość z opisanych uszkodzeń wynika z niewiedzy, nieliczne są skutkiem bezmyślności.","Jednak większość z opisanych uszkodzeń wynikają z niewiedzy, nieliczne są skutkiem bezmyślności."
4722,"Zwycięstwo Frontu Ludowego w wyborach i powstanie rządu złożonego z socjalistów i radykałów, a popieranego przez komunistów, budzi entuzjastyczne nadzieje wśród robotników.","Zwycięstwo Frontu Ludowego w wyborach i powstanie rządu złożonego z socjalistów i radykałów, a popieranego przez komunistów, budzą entuzjastyczne nadzieje wśród robotników."
4893,"""Obrazy rażą nieudolnością techniczną, kolorystyczną i kompozycyjną... są to falsyfikaty pozbawione wartości muzealnej i materialnej"" - orzekli eksperci z Muzeum Narodowego, którzy badali wartość obrazów na zlecenie prokuratury.","""Obrazy rażą nieudolnością techniczną, kolorystyczną i kompozycyjną... są to falsyfikaty pozbawione wartości muzealnej i materialnej"" - orzekł eksperci z Muzeum Narodowego, którzy badali wartość obrazów na zlecenie prokuratury."
5256,Bez podobnie skontrastowanego tła żadna dyskusja na poważne tematy w Polsce obejść się dziś nie może.,Bez podobnie skontrastowanego tła żadna dyskusja na poważne tematy w Polsce obejść się dziś nie mogą.
5394,"Bo nie przemija miłość do słów wypowiadających prawdę stałą, wieczną.","Bo nie przemijają miłość do słów wypowiadających prawdę stałą, wieczną."
5610,"Wiersze o matce dostarczają okazji, żeby powiedzieć parę słów o religijności czy raczej areligijności Świrszczyńskiej.","Wiersze o matce dostarcza okazji, żeby powiedzieć parę słów o religijności czy raczej areligijności Świrszczyńskiej."
5723,"Przez uczony wywód autorki przewijają się dzieła współczesnych filozofów, od Ricoeura po Levinasa.","Przez uczony wywód autorki przewija się dzieła współczesnych filozofów, od Ricoeura po Levinasa."
5789,W naszej alfabetycznie ułożonej antologii znajdzie się jeszcze miejsce na wiele podobnych odkryć.,W naszej alfabetycznie ułożonej antologii znajdą się jeszcze miejsce na wiele podobnych odkryć.
5845,"W Niemczech skrzyknęli się złodzieje samochodów na czele z Nikodemem S., zwanym Nikosiem.","W Niemczech skrzyknął się złodzieje samochodów na czele z Nikodemem S., zwanym Nikosiem."
5964,"9. Kolorowe, krótkie skarpetki z puszystego frotté spodobają się ceniącym wygodę paniom.","9. Kolorowe, krótkie skarpetki z puszystego frotté spodoba się ceniącym wygodę paniom."
6358,"Sąsiedzi z zachodu, Keralczycy, uchodzą za najbardziej wykształcony naród indyjski.","Sąsiedzi z zachodu, Keralczycy, uchodzi za najbardziej wykształcony naród indyjski."
6506,"W duszpasterstwach odnajduje się młodzież z małych miejscowości, która z domu wyniosła szacunek dla wiary i proboszcza, a na studiach w wielkim mieście czuje się zagubiona.","W duszpasterstwach odnajdują się młodzież z małych miejscowości, która z domu wyniosła szacunek dla wiary i proboszcza, a na studiach w wielkim mieście czuje się zagubiona."
6512,"Część z nich pojawi się w dokumentach, które IPN zaczyna wydawać pokrzywdzonym, czyli tym, którzy na żadną współpracę nie poszli.","Część z nich pojawią się w dokumentach, które IPN zaczyna wydawać pokrzywdzonym, czyli tym, którzy na żadną współpracę nie poszli."
6859,"Kierujący polską piłką ludzie z PZPN (którzy, jak się okazuje, z tylnego siedzenia kierują również FIFA) nie pozostawiają złudzeń, że nikt z nimi nie wygra.","Kierujący polską piłką ludzie z PZPN (którzy, jak się okazuje, z tylnego siedzenia kierują również FIFA) nie pozostawia złudzeń, że nikt z nimi nie wygra."
7202,Telewidzowie w Dartlesville mogą zamówić sobie w telewizji przewodowej transmisję do dnia 30 najnowszych filmów.,Telewidzowie w Dartlesville może zamówić sobie w telewizji przewodowej transmisję do dnia 30 najnowszych filmów.
7213,"Wystarczy przecież niewielki ruch gałkami u milionów odbiorników, by nasze radosne posłannictwo rozwiało się w eterze.","wystarczą przecież niewielki ruch gałkami u milionów odbiorników, by nasze radosne posłannictwo rozwiało się w eterze."
7262,"Siłą rzeczy jednak wypadki ślubu bez księdza, w obecności dwóch świadków, choć stosunkowo rzadkie, musiały się zdarzać i rzeczywiście były.","Siłą rzeczy jednak wypadki ślubu bez księdza, w obecności dwóch świadków, choć stosunkowo rzadkie, musiał się zdarzać i rzeczywiście były."
7852,"W konkursie wzięli udział uczniowie z Liceum Ogólnokształcącego im. Marszałka Józefa Piłsudskiego w Garwolinie (4 osoby), Liceum Ogólnokształcącego w Łaskarzewie (2 osoby), Zespołu Szkół Zawodowych im. Tadeusza Kościuszki w Garwolinie (39 osób) i Zespołu Szkół im. Bohaterów Westerplatte w Garwolinie (44 osoby).","W konkursie wziął udział uczniowie z Liceum Ogólnokształcącego im. Marszałka Józefa Piłsudskiego w Garwolinie (4 osoby), Liceum Ogólnokształcącego w Łaskarzewie (2 osoby), Zespołu Szkół Zawodowych im. Tadeusza Kościuszki w Garwolinie (39 osób) i Zespołu Szkół im. Bohaterów Westerplatte w Garwolinie (44 osoby)."
7853,Podobnie powstały (bardzo liczne) litanie maryjne i to już od wczesnego średniowiecza.,Podobnie powstała (bardzo liczne) litanie maryjne i to już od wczesnego średniowiecza.
7892,Nie ma więc mowy - jak podają niektóre gazety - o przepełnionych magazynach.,Nie mają więc mowy - jak podają niektóre gazety - o przepełnionych magazynach.
7957,Od 1992 roku trwają starania o utworzenie w Pasłęku filii Sądu Grodzkiego.,Od 1992 roku trwa starania o utworzenie w Pasłęku filii Sądu Grodzkiego.
8379,"Szkoły z pełnym zapleczem sportowym otrzymują trochę pieniędzy za wynajem sal, basenów.","Szkoły z pełnym zapleczem sportowym otrzymuje trochę pieniędzy za wynajem sal, basenów."
8381,"Szkoła od mieszkańców Lipnika oczekuje czynnego włączenia się w życie szkoły poprzez poszukiwanie nowych sponsorów, organizowanie imprez na rzecz szkoły, konkretną pomoc w formie pracy fizycznej przy urządzaniu boiska i sali gimnastycznej.","Szkoła od mieszkańców Lipnika oczekują czynnego włączenia się w życie szkoły poprzez poszukiwanie nowych sponsorów, organizowanie imprez na rzecz szkoły, konkretną pomoc w formie pracy fizycznej przy urządzaniu boiska i sali gimnastycznej."
8463,Równolegle do rozmów prezydentów Ukrainy i Polski w Kijowie znów odbyły się protesty przeciw Kuczmie.,Równolegle do rozmów prezydentów Ukrainy i Polski w Kijowie znów odbył się protesty przeciw Kuczmie.
8487,Rosja W poniedziałek w Moskwie obrońcy środowiska z całej Rosji protestowali przed parlamentem.,Rosja W poniedziałek w Moskwie obrońcy środowiska z całej Rosji protestował przed parlamentem.
8528,"Czasami nawet słoiki z utrwalaczem pękają same, nie powoduje to jednak spadku jakości utrwalacza.","Czasami nawet słoiki z utrwalaczem pęka same, nie powoduje to jednak spadku jakości utrwalacza."
8831,Po trzech dniach emocjonujących spotkań zwycięzcami turnieju zostali siatkarze z Gorzowa.,Po trzech dniach emocjonujących spotkań zwycięzcami turnieju został siatkarze z Gorzowa.
9051,"Obok piętrzyły się skrzynie z amunicją do cekaemów, których miano zabrać 14, do działek 40 mm, do rusznic przeciwpancernych.","Obok piętrzyła się skrzynie z amunicją do cekaemów, których miano zabrać 14, do działek 40 mm, do rusznic przeciwpancernych."
9224,Ludzie z jego plemienia strażowali potem długo w oczekiwaniu na samochód urzędu energetycznego.,Ludzie z jego plemienia strażował potem długo w oczekiwaniu na samochód urzędu energetycznego.
9350,Deficyt w dostawach mięsa świeżego szczególnie uwidacznia się w trzecim kwartale oraz w okresach przedświątecznych.,Deficyt w dostawach mięsa świeżego szczególnie uwidaczniają się w trzecim kwartale oraz w okresach przedświątecznych.
10203,"W roku 1500 ukazują się ""Ćwiczenia w życiu duchowym"" napisane przez Garcia Jimenez de Cisneros.","W roku 1500 ukazuje się ""Ćwiczenia w życiu duchowym"" napisane przez Garcia Jimenez de Cisneros."
10390,Obszerny przewodnik po ponad tysiącu brytyjskich szkołach z rekomendacją British Council znajdziesz pod adresem www.englishinbritain.com.,Obszerny przewodnik po ponad tysiącu brytyjskich szkołach z rekomendacją British Council znajdziecie pod adresem www.englishinbritain.com.
10690,"Poza tym trasy w Polsce mamy bardzo fajne: ciekawe, szybkie, ale jednocześnie trudne technicznie.","Poza tym trasy w Polsce mam bardzo fajne: ciekawe, szybkie, ale jednocześnie trudne technicznie."
10967,Z norm tych wynika m.in. uzgodniony przez CCITT podział całego świata na 8 odrębnych światowych stref numeracyjnych :,Z norm tych wynikają m.in. uzgodniony przez CCITT podział całego świata na 8 odrębnych światowych stref numeracyjnych :
11043,Po 10.000 zł otrzymają Komitety Organizacyjne w Ludźmierzu i Zakopanem.,Po 10.000 zł otrzyma Komitety Organizacyjne w Ludźmierzu i Zakopanem.
11048,"Włodzimierz Wnuk, w książce ""Moje Podhale"" opisuje wydarzenie z czasów dzieciństwa Andrzeja Galicy:","Włodzimierz Wnuk, w książce ""Moje Podhale"" opisują wydarzenie z czasów dzieciństwa Andrzeja Galicy:"
11088,"Przyjechali też strażacy z OSP z Poronina, Suchego i Kościeliska.","przyjechał też strażacy z OSP z Poronina, Suchego i Kościeliska."
11133,8 i 9 lipca odbędą się Mistrzostwa Polski w Wędkarstwie Muchowym.,8 i 9 lipca odbędzie się Mistrzostwa Polski w Wędkarstwie Muchowym.
11196,"Znajdą się tam także pomieszczenia rehabilitacyjne z basenem, salami gimnastycznymi i salami masażu.","znajdzie się tam także pomieszczenia rehabilitacyjne z basenem, salami gimnastycznymi i salami masażu."
11291,Znacznie rzadziej zdarzają się infekcje w wyniku transfuzji krwi lub przyjmowania preparatów krwiopochodnych.,Znacznie rzadziej zdarza się infekcje w wyniku transfuzji krwi lub przyjmowania preparatów krwiopochodnych.
11574,Roczne straty z tego powodu w Europie sięgają wielu miliardów dolarów.,Roczne straty z tego powodu w Europie sięga wielu miliardów dolarów.
11678,"Zachęceni przez nauczycielkę, mgr Małgorzatę Chorodyńską, koledzy i koleżanki z Sosnowca przysłali ponad 30 różnorodnych prac, wśród których znalazły się bardzo ciekawe i oryginalne.","Zachęceni przez nauczycielkę, mgr Małgorzatę Chorodyńską, koledzy i koleżanki z Sosnowca przysłał ponad 30 różnorodnych prac, wśród których znalazły się bardzo ciekawe i oryginalne."
11767,To samo zresztą mówią moi koledzy architekci z Polski.,To samo zresztą mówi moi koledzy architekci z Polski.
11871,Tylko bowiem w siedzibie tych szkół - oddanej do użytku trzy miesiące temu - są warunki do przygotowywania ciepłych posiłków.,Tylko bowiem w siedzibie tych szkół - oddanej do użytku trzy miesiące temu - jest warunki do przygotowywania ciepłych posiłków.
11921,Kolejne monity w tej sprawie lądowały... w szufladach obu instytucji.,Kolejne monity w tej sprawie lądował... w szufladach obu instytucji.
12044,"Tutaj, u samych źródeł Orzyca, wszyscy gospodarze ze Sławogóry mają działki.","Tutaj, u samych źródeł Orzyca, wszyscy gospodarze ze Sławogóry ma działki."
12066,Z tego pierwszego powodu policjanci z płońskiej komendy w ciągu miesiąca zarekwirowali już 5 samochodów osobowych.,Z tego pierwszego powodu policjanci z płońskiej komendy w ciągu miesiąca zarekwirował już 5 samochodów osobowych.
12185,Złodzieje z kasetki na pieniądze zabrali 2 tys. zł.,Złodzieje z kasetki na pieniądze zabrał 2 tys. zł.
12259,"Dostają je dzieci w trudnej sytuacji materialnej, których ojcowie nie wywiązują się ze swoich obowiązków.","dostaje je dzieci w trudnej sytuacji materialnej, których ojcowie nie wywiązują się ze swoich obowiązków."
12297,W turnieju udział wzięli szachiści z Nakła i Kcyni.,W turnieju udział wziął szachiści z Nakła i Kcyni.
12315,"W tym roku, jak poinformowała Alicja Jaranowska, do dyspozycji jest całkiem nowy sprzęt sportowy w postaci dziesięciu kajaków oraz dwóch rowerów wodnych.","W tym roku, jak poinformowała Alicja Jaranowska, do dyspozycji są całkiem nowy sprzęt sportowy w postaci dziesięciu kajaków oraz dwóch rowerów wodnych."
12437,Pod koniec lipca funkcjonariusze z komisariatu w Bysławiu wspólnie z pracownikiem urzędu gminy sprawdzali przestrzeganie w tym punkcie ustawy o wychowaniu w trzeźwości i przeciwdziałaniu alkoholizmowi.,Pod koniec lipca funkcjonariusze z komisariatu w Bysławiu wspólnie z pracownikiem urzędu gminy sprawdzał przestrzeganie w tym punkcie ustawy o wychowaniu w trzeźwości i przeciwdziałaniu alkoholizmowi.
12532,"Po opadach deszczu nadleśniczowie z Tucholi, Woziwody, Zamrzenicy i Trzebcin podjęli decyzję o wycofaniu zakazu.","Po opadach deszczu nadleśniczowie z Tucholi, Woziwody, Zamrzenicy i Trzebcin podjął decyzję o wycofaniu zakazu."
12736,"Niezależnie od przedstawionych wyników, kontrolę przeprowadzą jeszcze policjanci z Komendy Wojewódzkiej Policji w Katowicach.","Niezależnie od przedstawionych wyników, kontrolę przeprowadzi jeszcze policjanci z Komendy Wojewódzkiej Policji w Katowicach."
12778,Krzysztofowi K. grozi kara do 12 lat pozbawienia wolności.,Krzysztofowi K. grożą kara do 12 lat pozbawienia wolności.
13111,Papierosy bez polskiej akcyzy miały trafić do Niemiec.,Papierosy bez polskiej akcyzy miał trafić do Niemiec.
13164,"Do Wrocławia, gdzie zakończyły się VIII Mistrzostwa Świata w Grillowaniu przyjechali mistrzowie z całego świata.","Do Wrocławia, gdzie zakończyły się VIII Mistrzostwa Świata w Grillowaniu przyjechał mistrzowie z całego świata."
13349,Niedzielne wybory na Białorusi niewiele mają wspólnego z demokracją.,Niedzielne wybory na Białorusi niewiele ma wspólnego z demokracją.
13626,"Przecież były zawalone dachy w Polsce, Niemczech, Rosji, były też ofiary.","Przecież były zawalone dachy w Polsce, Niemczech, Rosji, była też ofiary."
13985,Rosną też akcje Olechowskiego w Unii.,rośnie też akcje Olechowskiego w Unii.
13993,Nie ma też mowy o erratach do każdego z nich.,Nie mają też mowy o erratach do każdego z nich.
13999,"Ze ścian mrugają kolorowe neony świąteczne w kształcie choinek, bombek i dzwonków.","Ze ścian mruga kolorowe neony świąteczne w kształcie choinek, bombek i dzwonków."
14093,W centrali agencji kontrolerzy z Ministerstwa Łączności nie mogą się doszukać aparatury wartej 10 milionów zł.,W centrali agencji kontrolerzy z Ministerstwa Łączności nie może się doszukać aparatury wartej 10 milionów zł.
14094,Kontrola w terenowych oddziałach tej instytucji dopiero się rozpoczyna.,Kontrola w terenowych oddziałach tej instytucji dopiero się rozpoczynają.
14158,- Są już kandydaci na taką listę.,- jest już kandydaci na taką listę.
14310,Urzędy miejski i wojewódzki o prośbie konsulatu nic jeszcze nie wiedzą.,Urzędy miejski i wojewódzki o prośbie konsulatu nic jeszcze nie wie.
14560,"Cały wczorajszy dzień trwały zacięte walki wokół Groznego, a wieczorem Rosjanie zamknęli pierścień okrążenia wokół miasta.","Cały wczorajszy dzień trwała zacięte walki wokół Groznego, a wieczorem Rosjanie zamknęli pierścień okrążenia wokół miasta."
14709,"Nie ma porozumienia w najważniejszych sprawach gospodarczych: nie powołano nawet organu arbitrażowego, który nakładałby sankcje za niewywiązywanie się z umów; nie dogadano się w sprawie cen.","Nie mają porozumienia w najważniejszych sprawach gospodarczych: nie powołano nawet organu arbitrażowego, który nakładał by sankcje za niewywiązywanie się z umów; nie dogadano się w sprawie cen."
14747,"Przesłuchania polskich świadków w ""aferze karabinowej"" opóźnią się o kilka dni.","Przesłuchania polskich świadków w ""aferze karabinowej"" opóźni się o kilka dni."
14880,Rozmowy pokojowe w sprawie Karabachu od dawna tkwią w ślepym zaułku.,Rozmowy pokojowe w sprawie Karabachu od dawna tkwi w ślepym zaułku.
14917,"Teraz, źródła w Partii Konserwatywnej twierdzą, że trudno będzie uniknąć rozpadu partii, a większość jej członków przejdzie do znacznie radykalniejszej organizacji Afrikaaner Volksunie.","Teraz, źródła w Partii Konserwatywnej twierdzi, że trudno będzie uniknąć rozpadu partii, a większość jej członków przejdzie do znacznie radykalniejszej organizacji Afrikaaner Volksunie."
14921,Czy są różnice między opozycją a SLD w interpretacji faktów?,Czy jest różnice między opozycją a SLD w interpretacji faktów?
15332,"- A pisanie o dramatycznych powikłaniach, o zgonach sieje strach i źle wpływa na zdrowie starszych ludzi, którzy to czytają.","- A pisanie o dramatycznych powikłaniach, o zgonach sieją strach i źle wpływa na zdrowie starszych ludzi, którzy to czytają."
15381,"Pierwszy krzykacz wśród profesjonalnych koszykarzy - potężny skrzydłowy Szerszeni z Charlotte Larry Johnson, wrzeszczy, gdy rzuca wolne, gdy zdobywa punkty i gdy jest z siebie niezadowolony.","Pierwszy krzykacz wśród profesjonalnych koszykarzy - potężny skrzydłowy Szerszeni z Charlotte Larry Johnson, wrzeszczą, gdy rzuca wolne, gdy zdobywa punkty i gdy jest z siebie niezadowolony."
15470,Stowarzyszenie na Rzecz Praw i Wolności liczy ok. tysiąca członków.,Stowarzyszenie na Rzecz Praw i Wolności liczą ok. tysiąca członków.
15833,"Problemy z reformą edukacji, emerytur czy służby zdrowia tkwią raczej w SLD.","Problemy z reformą edukacji, emerytur czy służby zdrowia tkwi raczej w SLD."
15949,Mężczyźni po pierwszej łyżce wstali od stołu.,Mężczyźni po pierwszej łyżce wstał od stołu.
16132,Od poniedziałku w podwarszawskiej Ryni trwa pierwszy kurs dla przyszłych członków Tow. Budownictwa Społecznego.,Od poniedziałku w podwarszawskiej Ryni trwają pierwszy kurs dla przyszłych członków Tow. Budownictwa Społecznego.
16269,"Władze w Groznym twierdzą, że do wtorku pod broń stawi się 600 tys. mężczyzn w wieku od 15 do 65 lat.","Władze w Groznym twierdzi, że do wtorku pod broń stawi się 600 tys. mężczyzn w wieku od 15 do 65 lat."
16362,Są też bezzwrotne dotacje dla bezrobotnych na założenie firmy.,jest też bezzwrotne dotacje dla bezrobotnych na założenie firmy.
16368,"Piłkarze z Opatowca, okrzyknięci rewelacją rozgrywek, przegrali z Czarnocinem 0:3, tracąc gole po celnych uderzeniach Pawła Radziszewskiego, Łukasza Jajeśniaka i Tomasza Piotrowskiego.","Piłkarze z Opatowca, okrzyknięci rewelacją rozgrywek, przegrał z Czarnocinem 0:3, tracąc gole po celnych uderzeniach Pawła Radziszewskiego, Łukasza Jajeśniaka i Tomasza Piotrowskiego."
16407,Na razie żeglarze z całego świata odpoczywają i bawią się w Talinie.,Na razie żeglarze z całego świata odpoczywa i bawią się w Talinie.
16500,"Archeolodzy spod Ożarowa doskonale porozumiewają się z Muzeum Techniki i Przyrody w Starachowicach, które zleciło im prowadzenie wykopalisk.","Archeolodzy spod Ożarowa doskonale porozumiewa się z Muzeum Techniki i Przyrody w Starachowicach, które zleciło im prowadzenie wykopalisk."
16698,Od dwóch lat w Woli Skolankowskiej goszczą niepełnosprawni artyści z Centrum Rehabilitacji w Grudziądzu.,Od dwóch lat w Woli Skolankowskiej gości niepełnosprawni artyści z Centrum Rehabilitacji w Grudziądzu.
16785,"Dzisiejsza konfrontacja z łódzkimi zespołami, które mają pierwszoligowe aspiracje, zapowiada się niezwykle ciekawie.","Dzisiejsza konfrontacja z łódzkimi zespołami, które mają pierwszoligowe aspiracje, zapowiadają się niezwykle ciekawie."
16797,Ratownicy z całego województwa w ramach ćwiczeń w poszukiwaniu ofiar utonięć badali dno kieleckiego zalewu.,Ratownicy z całego województwa w ramach ćwiczeń w poszukiwaniu ofiar utonięć badał dno kieleckiego zalewu.
16813,O godzinie 13 w Urzędzie Miasta w Kielcach rozpocznie sie klojene spotkanie w sprawie prywatnych przewoźników.,O godzinie 13 w Urzędzie Miasta w Kielcach rozpoczną sie klojene spotkanie w sprawie prywatnych przewoźników.
16978,Kobiety w więzieniu doskonale łagodzą obyczaje.,Kobiety w więzieniu doskonale łagodzi obyczaje.
16999,"Specjaliści od gejowskiego rynku twierdzą, że jeżeli pojawia się na nim duża firma, to w jej ślady idą konkurenci z tej samej branży.","Specjaliści od gejowskiego rynku twierdzi, że jeżeli pojawia się na nim duża firma, to w jej ślady idą konkurenci z tej samej branży."
17018,"Podobnie wyczerpująco brzmiały wcześniejsze odpowiedzi na pytanie o tajemnicę sukcesów utalentowanego 25-letniego gracza, o jego technikę i taktykę.","Podobnie wyczerpująco brzmiała wcześniejsze odpowiedzi na pytanie o tajemnicę sukcesów utalentowanego 25-letniego gracza, o jego technikę i taktykę."
17476,"Dlatego dwie prywatne firmy z Wybrzeża chcą sprzedać swoje akcje w Londynie, a nie w Warszawie.","Dlatego dwie prywatne firmy z Wybrzeża chce sprzedać swoje akcje w Londynie, a nie w Warszawie."
17507,"Partyjne ataki na Kościół i na prymasa sprawiły, że wierzących przestał obchodzić konflikt o orędzie.","Partyjne ataki na Kościół i na prymasa sprawił, że wierzących przestał obchodzić konflikt o orędzie."
17958,Niezadowolenie wyrazili również jej koledzy z SDP.,Niezadowolenie wyraził również jej koledzy z SDP.
18080,"Policjanci z pobliskiego komisariatu przyznają, że docierają do nich sygnały o rozbojach.","Policjanci z pobliskiego komisariatu przyznaje, że docierają do nich sygnały o rozbojach."
18108,W prasie włoskiej pojawiły się niedawno pogłoski o czekającej go operacji wszczepienia protezy stawu kolanowego.,W prasie włoskiej pojawiła się niedawno pogłoski o czekającej go operacji wszczepienia protezy stawu kolanowego.
18160,"Od stycznia przejmie ją dziecko z Czech, a za rok z Niemiec.","Od stycznia przejmą ją dziecko z Czech, a za rok z Niemiec."
18165,"W przyszłości organizatorom marzy się ustawienie kamer również w kilku innych miejscach oraz umieszczenie ""podzielonego"" ekranu przy dolnej stacji wodociągu.","W przyszłości organizatorom marzą się ustawienie kamer również w kilku innych miejscach oraz umieszczenie ""podzielonego"" ekranu przy dolnej stacji wodociągu."
18190,"Zdaniem władz, ekstremiści albańscy z regionu objętego konfliktem mają powiązania z separatystami z Doliny Preszeva w południowej Serbii, gdzie dochodziło ostatnio do starć z siłami rządowymi Jugosławii, oraz otrzymują wsparcie od kosowskich Albańczyków.","Zdaniem władz, ekstremiści albańscy z regionu objętego konfliktem ma powiązania z separatystami z Doliny Preszeva w południowej Serbii, gdzie dochodziło ostatnio do starć z siłami rządowymi Jugosławii, oraz otrzymują wsparcie od kosowskich Albańczyków."
18302,"Jego uczestnicy (również ze strony niemieckiej) rozmawiali o perspektywach rozwoju firm sektora MSP w Euroregionie ""Pomerania"", szansach współpracy gospodarczej, potencjale firm Pomorza Zachodniego, programach wspierania przedsiębiorczości w Euroregionie oraz województwie zachodniopomorskim.","Jego uczestnicy (również ze strony niemieckiej) rozmawiał o perspektywach rozwoju firm sektora MSP w Euroregionie ""Pomerania"", szansach współpracy gospodarczej, potencjale firm Pomorza Zachodniego, programach wspierania przedsiębiorczości w Euroregionie oraz województwie zachodniopomorskim."
18323,"Policjanci z Reska twierdzą, że w mieście nie ma satanistów czy osób powiązanych z innymi sektami.","Policjanci z Reska twierdzi, że w mieście nie ma satanistów czy osób powiązanych z innymi sektami."
18458,"Natomiast lekarze z Kliniki Neurologii i Wieku Podeszłego oraz działacze Stowarzyszenia postulują, aby przyznać osobom cierpiącym na tę nieuleczalną chorobę prawo do konsultacji specjalistycznej w renomowanym ośrodku, bez skierowania, przynajmniej raz w roku, a w najgorszym wypadku raz na półtora roku.","Natomiast lekarze z Kliniki Neurologii i Wieku Podeszłego oraz działacze Stowarzyszenia postuluje, aby przyznać osobom cierpiącym na tę nieuleczalną chorobę prawo do konsultacji specjalistycznej w renomowanym ośrodku, bez skierowania, przynajmniej raz w roku, a w najgorszym wypadku raz na półtora roku."
18526,"Przed stadionem na ul. Leszczyńskiego, posypały się butelki z benzyną, fruwały w powietrze kamienie i drewniane pały.","Przed stadionem na ul. Leszczyńskiego, posypała się butelki z benzyną, fruwały w powietrze kamienie i drewniane pały."
18532,Już po raz drugi odbędzie się więc w Lublinie Otwarty Konkurs Fryzjerski dla młodych fryzjerów (do lat 30) i uczniów mających za sobą przynajmniej 3 lata nauki zawodu.,Już po raz drugi odbędą się więc w Lublinie Otwarty Konkurs Fryzjerski dla młodych fryzjerów (do lat 30) i uczniów mających za sobą przynajmniej 3 lata nauki zawodu.
18592,"Nową formą współpracy z niemieckimi partnerami staną się cykliczne, otwarte dyskusje przy euroregionalnym stole na wybrane tematy z udziałem specjalistów.","Nową formą współpracy z niemieckimi partnerami stanie się cykliczne, otwarte dyskusje przy euroregionalnym stole na wybrane tematy z udziałem specjalistów."
18623,Urzędnicy w całej Polsce - za radą ministra infrastruktury - wydają wspomnianym 17-latkom prawa jazdy.,Urzędnicy w całej Polsce - za radą ministra infrastruktury - wydaje wspomnianym 17-latkom prawa jazdy.
18638,"Cała pula nagród dla piłkarzy wyniesie 4,5 miliona euro.","Cała pula nagród dla piłkarzy wyniosą 4,5 miliona euro."
18717,Wicemistrzynie Polski z Mielca nie dały pograć w Krakowie Wiśle i opuściły ostatnie miejsce w tabeli właśnie na rzecz podopiecznych Lesława Kędryny.,Wicemistrzynie Polski z Mielca nie dała pograć w Krakowie Wiśle i opuściły ostatnie miejsce w tabeli właśnie na rzecz podopiecznych Lesława Kędryny.
18817,Ślizgawki w Dąbrowie Górniczej odbywają się już od 4 lat.,Ślizgawki w Dąbrowie Górniczej odbywa się już od 4 lat.
18832,Teraz grozi im kara do 64 lat pozbawienia wolności.,Teraz grożą im kara do 64 lat pozbawienia wolności.
18891,W ubiegłym roku policjanci z Komendy Powiatowej w Drawsku Pomorskim odnotowali 1.882 przestępstwa.,W ubiegłym roku policjanci z Komendy Powiatowej w Drawsku Pomorskim odnotował 1.882 przestępstwa.
18896,"W północnym skrzydle mieści się sala widowiskowa na 200 osób, m.in. z szatnią i garderobą.","W północnym skrzydle mieszczą się sala widowiskowa na 200 osób, m.in. z szatnią i garderobą."
19054,Obok szczątków leżały dwa kartony po mleku.,Obok szczątków leżał dwa kartony po mleku.
19150,Teraz policjanci z komisariatu na Dworcu Głównym PKP szukają poszkodowanych.,Teraz policjanci z komisariatu na Dworcu Głównym PKP szuka poszkodowanych.
19194,"Staną dwa budynki (jedna kondygnacja podziemna i cztery nadziemne) z łącznikiem, gdzie zaprojektowano wejście główne.","stanie dwa budynki (jedna kondygnacja podziemna i cztery nadziemne) z łącznikiem, gdzie zaprojektowano wejście główne."
19231,"Dochody z CIT miały wnieść do budżetowej kasy ok. 50 mln zł mniej niż spodziewane w tym roku, a straty miały być wyrównane większymi wpłatami z podatków pośrednich i osobistych.","Dochody z CIT miał wnieść do budżetowej kasy ok. 50 mln zł mniej niż spodziewane w tym roku, a straty miały być wyrównane większymi wpłatami z podatków pośrednich i osobistych."
19461,"Dogi z hodowli Jadwigi Szłapki prezentują się dobrze nie tylko na wystawowych ringach, ale też... w obiektywie kamer.","Dogi z hodowli Jadwigi Szłapki prezentuje się dobrze nie tylko na wystawowych ringach, ale też... w obiektywie kamer."
19548,Konflikt między poprzednimi władzami WSD i założycielem szkoły - Fundacją Centrum Prasowe dla Krajów Europy Środkowo-Wschodniej - trwa od jesieni 1999 r.,Konflikt między poprzednimi władzami WSD i założycielem szkoły - Fundacją Centrum Prasowe dla Krajów Europy Środkowo-Wschodniej - trwają od jesieni 1999 r.
19578,"Szczegółowe informacje o tym, gdzie i kiedy możemy zgłosić się po aktualny spis, pojawią się na naszych wyciągach w chwili, gdy zbiór numerów będzie już wydrukowany.","Szczegółowe informacje o tym, gdzie i kiedy możemy zgłosić się po aktualny spis, pojawi się na naszych wyciągach w chwili, gdy zbiór numerów będzie już wydrukowany."
19611,"Specjaliści ze stacji sanitarno-epidemiologicznej w położonych nieopodal granicy z Polską Jesenikach przebadali 14 osób, które często jadły wyroby z mięsa dzików upolowanych w okolicznych lasach.","Specjaliści ze stacji sanitarno-epidemiologicznej w położonych nieopodal granicy z Polską Jesenikach przebadał 14 osób, które często jadły wyroby z mięsa dzików upolowanych w okolicznych lasach."
19813,Broniący się przed spadkiem goście z Chocianowa postawili podopiecznym Andrzeja Palucha twarde warunki i byli bliscy zdobycia kompletu punktów.,Broniący się przed spadkiem goście z Chocianowa postawił podopiecznym Andrzeja Palucha twarde warunki i byli bliscy zdobycia kompletu punktów.
19816,Napastnicy w sobotę wieczorem wybili szybę w oknie mieszkania na parterze przy ul. Rejtana na gdańskiej Oruni.,Napastnicy w sobotę wieczorem wybił szybę w oknie mieszkania na parterze przy ul. Rejtana na gdańskiej Oruni.
19856,W Islamabadzie rozeszły się w minionym tygodniu pogłoski o możliwości ataku wojsk indyjskich lub nawet komandosów izraelskich w celu zniszczenia pakistańskich instalacji nuklearnych.,W Islamabadzie rozeszła się w minionym tygodniu pogłoski o możliwości ataku wojsk indyjskich lub nawet komandosów izraelskich w celu zniszczenia pakistańskich instalacji nuklearnych.
19886,"W województwie nie ma ani jednego grzebowiska dla zwierząt, choć ustawa z 1927 roku nakłada na gminy obowiązek urzadzania takich obiektów.","W województwie nie mają ani jednego grzebowiska dla zwierząt, choć ustawa z 1927 roku nakłada na gminy obowiązek urzadzania takich obiektów."
19909,Most w Kuligach na rzece Jegrzni znajduje się w fatalnym stanie i grozi zawaleniem.,Most w Kuligach na rzece Jegrzni znajdują się w fatalnym stanie i grozi zawaleniem.
19925,Główne uroczystości z okazji rocznicy Konstytucji rozpoczęły się od złożenia kwiatów pod pomnikiem 42 pułku piechoty w Parku Zwierzynieckim.,Główne uroczystości z okazji rocznicy Konstytucji rozpoczęła się od złożenia kwiatów pod pomnikiem 42 pułku piechoty w Parku Zwierzynieckim.
19971,Kilka fałszywych recept na proastmin policjanci z KWP w Białej Podlaskiej zabezpieczyli w jednej z bialskich aptek.,Kilka fałszywych recept na proastmin policjanci z KWP w Białej Podlaskiej zabezpieczył w jednej z bialskich aptek.
20092,Dwie dziewczyny w wieku 18-19 lat wybrały na ofiarę starszą kobietę mieszkającą w jednym z bloków przy ul. Tysiąclecia.,Dwie dziewczyny w wieku 18-19 lat wybrała na ofiarę starszą kobietę mieszkającą w jednym z bloków przy ul. Tysiąclecia.
20093,Pilnowali go policjanci z grupy antyterrorystycznej.,pilnował go policjanci z grupy antyterrorystycznej.
20205,"Istotą wynalazku Polaka, którego koszt po wprowadzenia do masowej produkcji ma nie przekraczać 50 dol., jest umieszczenie w deskorolkach specjalnych mechanizmów, które wraz ze zmianą ułożenia ciała użytkownika przyczyniają się do ich napędzania.","Istotą wynalazku Polaka, którego koszt po wprowadzenia do masowej produkcji ma nie przekraczać 50 dol., są umieszczenie w deskorolkach specjalnych mechanizmów, które wraz ze zmianą ułożenia ciała użytkownika przyczyniają się do ich napędzania."
20241,Praca w okupowanych szpitalach przebiega normalnie.,Praca w okupowanych szpitalach przebiegają normalnie.
20283,"Policjanci z ""drogówki"" odkryli, że jadący autem dwaj młodzi mężczyźni są poranieni, ale nie z powodu kolizji...","Policjanci z ""drogówki"" odkrył, że jadący autem dwaj młodzi mężczyźni są poranieni, ale nie z powodu kolizji..."
20286,Sprawą zajmują się policjanci z 6 komisariatu na Górnej.,Sprawą zajmuje się policjanci z 6 komisariatu na Górnej.
20419,Ruiny pałacu sprzed 1500 lat odkryli polscy archeolodzy z UW w oazie Seraks w południowej Turkmenii.,Ruiny pałacu sprzed 1500 lat odkrył polscy archeolodzy z UW w oazie Seraks w południowej Turkmenii.
20626,"Specjaliści z Centralnej Agencji Wywiadowczej mają już świadka, który widział zamachowców na kilka minut przed eksplozją w Nairobi.","Specjaliści z Centralnej Agencji Wywiadowczej ma już świadka, który widział zamachowców na kilka minut przed eksplozją w Nairobi."
20649,"Organizacje zdrowotne w Irlandii przygotowują kampanię antynikotynową, która obejmować będzie pracowników budowlanych.","Organizacje zdrowotne w Irlandii przygotowuje kampanię antynikotynową, która obejmować będzie pracowników budowlanych."
20659,"Natomiast radni z ""Klubu na rzecz AWS"" wskazują m.in., że inwestycje przedstawiane jako strategiczne nie są dostatecznie przygotowane do realizacji.","Natomiast radni z ""Klubu na rzecz AWS"" wskazuje m.in., że inwestycje przedstawiane jako strategiczne nie są dostatecznie przygotowane do realizacji."
20674,"Po raz kolejny trafiają do nas prośby o postawienie przystanku MZK z prawdziwego zdarzenia przy ulicy Witosa w Opolu, takiego z ławeczką i zadaszeniem.","Po raz kolejny trafia do nas prośby o postawienie przystanku MZK z prawdziwego zdarzenia przy ulicy Witosa w Opolu, takiego z ławeczką i zadaszeniem."
20721,Przed warszawskim sądem dobiega końca proces przeciwko dwóm funkcjonariuszom policji oskarżonym o przyjęcie w 1993 r. łapówki.,Przed warszawskim sądem dobiegają końca proces przeciwko dwóm funkcjonariuszom policji oskarżonym o przyjęcie w 1993 r. łapówki.
20827,"Rozmowy ze stroną niemiecką wskazują, że możliwa jest współpraca z Niemcami w modernizacji czołgu T-72.","Rozmowy ze stroną niemiecką wskazuje, że możliwa jest współpraca z Niemcami w modernizacji czołgu T-72."
20938,W maju 2000 r. wizytatorzy z prokuratury okręgowej kontrolowali szamotulską prokuraturę.,W maju 2000 r. wizytatorzy z prokuratury okręgowej kontrolował szamotulską prokuraturę.
21069,"Naukowcy z Uniwersytetu w Portland w USA sklonowali rezusa, czyli małpę należącą do rzędu naczelnych.","Naukowcy z Uniwersytetu w Portland w USA sklonował rezusa, czyli małpę należącą do rzędu naczelnych."
21141,Trwające od kilku miesięcy przepychanki z krakowskim Biurem Inwestycyjnym CODE najwyraźniej dobiegły końca.,Trwające od kilku miesięcy przepychanki z krakowskim Biurem Inwestycyjnym CODE najwyraźniej dobiegła końca.
21158,"Krążą informacje o tym, iż pokaźny pakiet akcji Zakładu Lotniczego Mielca przejęła jako rekompensatę za należności jedna z warszawskich firm consultingowych.","krąży informacje o tym, iż pokaźny pakiet akcji Zakładu Lotniczego Mielca przejęła jako rekompensatę za należności jedna z warszawskich firm consultingowych."
21167,Obrady w Knessecie odbędą się tylko z powodu głosowania nad votum nieufności dla rządu.,Obrady w Knessecie odbędzie się tylko z powodu głosowania nad votum nieufności dla rządu.
21178,Policjanci z Pieniężna od dawna szykowali się do akcji przeciwko miejscowym kłusownikom.,Policjanci z Pieniężna od dawna szykował się do akcji przeciwko miejscowym kłusownikom.
21187,Rannymi cywilami zaopiekowali się najpierw amerykańscy sanitariusze z personelu naziemnego.,Rannymi cywilami zaopiekował się najpierw amerykańscy sanitariusze z personelu naziemnego.
21229,"Niestety, niektóre dane z tego dokumentu dotyczące Polski pochodzą sprzed siedmiu lat (chodzi głównie o badanie analfabetyzmu funkcjonalnego, czyli rozumienia tekstu, tabel, wykresów, umiejętności dokonywania obliczeń oraz o dokształcanie się dorosłych) - później takich badań w Polsce na zlecenie OECD nie prowadzono.","Niestety, niektóre dane z tego dokumentu dotyczące Polski pochodzi sprzed siedmiu lat (chodzi głównie o badanie analfabetyzmu funkcjonalnego, czyli rozumienia tekstu, tabel, wykresów, umiejętności dokonywania obliczeń oraz o dokształcanie się dorosłych) - później takich badań w Polsce na zlecenie OECD nie prowadzono."
21265,Dokumenty w tej sprawie znajdują się w Zakładzie Obsługi Urzędu Wojewódzkiego.,Dokumenty w tej sprawie znajduje się w Zakładzie Obsługi Urzędu Wojewódzkiego.
21362,"Po raz pierwszy wezmą w nim udział artyści z Mołdawii, Rosji, Ukrainy i Czech.","Po raz pierwszy weźmie w nim udział artyści z Mołdawii, Rosji, Ukrainy i Czech."
21635,"W nocy biolodzy z Zakładu Badań Ssaków PAN obserwowali watahę, w której skład wchodził uwięziony wilk.","W nocy biolodzy z Zakładu Badań Ssaków PAN obserwował watahę, w której skład wchodził uwięziony wilk."
21639,"Do Białegostoku przyjechali funkcjonariusze służby więziennej m.in. z Warszawy, Krakowa, Barczewa, Czarnego i Koziegłów.","Do Białegostoku przyjechał funkcjonariusze służby więziennej m.in. z Warszawy, Krakowa, Barczewa, Czarnego i Koziegłów."
21724,"Leki na obniżenie temperatury nie działały, a sytuacja, według słów Havlovej, w nocy z poniedziałku na wtorek stała się krytyczna.","Leki na obniżenie temperatury nie działał, a sytuacja, według słów Havlovej, w nocy z poniedziałku na wtorek stała się krytyczna."
21922,Ich odpowiednicy w Amice Wronki zupełnie natomiast nie zgadzali się z ideą strajku.,Ich odpowiednicy w Amice Wronki zupełnie natomiast nie zgadzał się z ideą strajku.
22005,"Policjanci z Bornego Sulinowa zatrzymali kłusowników, którzy na Zalewach Nadarzyckich ""łowili"" przy pomocy agregatu prądotwórczego.","Policjanci z Bornego Sulinowa zatrzymał kłusowników, którzy na Zalewach Nadarzyckich ""łowili"" przy pomocy agregatu prądotwórczego."
22031,A za to grozi kara pozbawienia wolności do 5 lat.,A za to grożą kara pozbawienia wolności do 5 lat.
22060,Zimowe Igrzyska Olimpijskie w Zakopanem w 2006 roku pomału przestają być mrzonkami grupy działaczy.,Zimowe Igrzyska Olimpijskie w Zakopanem w 2006 roku pomału przestaje być mrzonkami grupy działaczy.
22120,Są też zastrzeżenia do stanu zabezpieczeń na wypadek pęknięcia rur z wodą lub parą.,jest też zastrzeżenia do stanu zabezpieczeń na wypadek pęknięcia rur z wodą lub parą.
22124,"W trwającej ponad siedem godzin akcji ratowniczej, suwalskim strażakom pomagali druhowie z OSP w Raczkach, Jeleniewie i Potaszni.","W trwającej ponad siedem godzin akcji ratowniczej, suwalskim strażakom pomagał druhowie z OSP w Raczkach, Jeleniewie i Potaszni."
22135,Za rozpowszechnianie ideologii rasistowskich i nazistowskich grozi kara grzywny lub pozbawienia wolności do dwóch lat.,Za rozpowszechnianie ideologii rasistowskich i nazistowskich grożą kara grzywny lub pozbawienia wolności do dwóch lat.
22206,"Po trzecie, nie ma mowy o jakichkolwiek negocjacjach politycznych, a jedynie o warunkach powrotu Maschadowa do życia w warunkach pokojowych.","Po trzecie, nie mają mowy o jakichkolwiek negocjacjach politycznych, a jedynie o warunkach powrotu Maschadowa do życia w warunkach pokojowych."
22267,"Co dwudziesty pacjent w Czechach, leczący się w szpitalu, choruje na tzw. choroby szpitalne: żółtaczkę, zapalenie płuc, zapalenie górnych dróg oddechowych.","Co dwudziesty pacjent w Czechach, leczący się w szpitalu, chorują na tzw. choroby szpitalne: żółtaczkę, zapalenie płuc, zapalenie górnych dróg oddechowych."
22301,"Na scenie bez przerwy prezentowały się zespoły młodzieżowe z Reska, Szczecina, Polic i Wolina.","Na scenie bez przerwy prezentował się zespoły młodzieżowe z Reska, Szczecina, Polic i Wolina."
22302,Wieczorem na stadionie królowały już dorosłe gwiazdy z Haliną Frąckowiak na czele.,Wieczorem na stadionie królowała już dorosłe gwiazdy z Haliną Frąckowiak na czele.
22306,W garażu jest miejsce na 53 samochody.,W garażu są miejsce na 53 samochody.
22315,Rebelianci z tak zwanej Wyzwoleńczej Armii Kosowa zajęli Belacewacz tydzień temu.,Rebelianci z tak zwanej Wyzwoleńczej Armii Kosowa zajął Belacewacz tydzień temu.
22316,Od poniedziałku toczyły się walki o jego odbicie.,Od poniedziałku toczyła się walki o jego odbicie.
22762,"Faceci ze Wschodu siedzą spokojnie w poczekalni, gawędząc.","Faceci ze Wschodu siedzi spokojnie w poczekalni, gawędząc."
23138,Dziewczyny za kontuarem kafejki zbiły się w gromadkę.,Dziewczyny za kontuarem kafejki zbiła się w gromadkę.
23843,"Ale bywały też kłótnie chłopskie w karczmie po napitku, na jarmarku, w polu.","Ale bywała też kłótnie chłopskie w karczmie po napitku, na jarmarku, w polu."
26919,- Na Bliskim Wschodzie toczyły się walki powietrzne nad deltą Nilu oraz lądowo-powietrzne na froncie izraelsko-syryjskim.,- Na Bliskim Wschodzie toczyła się walki powietrzne nad deltą Nilu oraz lądowo-powietrzne na froncie izraelsko-syryjskim.
26967,"Kiedy Dudi silił się, żeby nadążać za Misiem Kundą i nie upaść ze zmęczenia, cienie na podłodze dwoiły się, a krok zaplatał.","Kiedy Dudi silił się, żeby nadążać za Misiem Kundą i nie upaść ze zmęczenia, cienie na podłodze dwoił się, a krok zaplatał."
28364,"Czyjeś jęki za ścianą przeszły w cichy płacz, przerywany kolejnymi uderzeniami.","Czyjeś jęki za ścianą przeszedł w cichy płacz, przerywany kolejnymi uderzeniami."
31189,Koledzy z zasadniczej górniczej patrzyli w niebo i czekali.,Koledzy z zasadniczej górniczej patrzył w niebo i czekali.
31956,Przez głowę przeleciały mu obrazy z Roksaną na statku.,Przez głowę przeleciał mu obrazy z Roksaną na statku.
32508,Przed oczyma Angusa przesuwały się obrazy z przebytej epopei.,Przed oczyma Angusa przesuwał się obrazy z przebytej epopei.
32541,"Szerzyły się też ponure wiadomości o znacznie szerszym zasięgu mordów, niż podany w ogłoszeniach.","szerzyła się też ponure wiadomości o znacznie szerszym zasięgu mordów, niż podany w ogłoszeniach."
34351,"Ach, za socjalizmu dumnie łopotały sztandary, przynajmniej na obrazkach, w perspektywie, z Łunochodem w tle w “Perspektywach”.","Ach, za socjalizmu dumnie łopotał sztandary, przynajmniej na obrazkach, w perspektywie, z Łunochodem w tle w “Perspektywach”."
35659,"W marcu 1914 r. oficerowie angielscy w miasteczku Curragh w hrabstwie Ulster zagrozili gremialnym podaniem się do dymisji, gdyby im kazano walczyć przeciwko ochotnikom ulsterskim.","W marcu 1914 r. oficerowie angielscy w miasteczku Curragh w hrabstwie Ulster zagroził gremialnym podaniem się do dymisji, gdyby im kazano walczyć przeciwko ochotnikom ulsterskim."
36099,Żołnierze z obnażoną szablą na ramieniu stoją przed oknami i nie pozwalają się do nich zbliżyć.,Żołnierze z obnażoną szablą na ramieniu stoi przed oknami i nie pozwalają się do nich zbliżyć.
36711,"""Gdy Polak skona - mówi z przekąsem jenerał w Konfederatech barskich Mickiewicza - konspiruje jeszcze przynajmniej dwadzieścia cztery godzin!""","""Gdy Polak skona - mówią z przekąsem jenerał w Konfederatech barskich Mickiewicza - konspiruje jeszcze przynajmniej dwadzieścia cztery godzin!"""
37010,Współczesnych piratów z Dalekiego Wschodu interesują nie tylko jednostki pływające.,Współczesnych piratów z Dalekiego Wschodu interesuje nie tylko jednostki pływające.
38330,"11.12. - ""Od kilkunastu dni utrzymuje się zahamowanie odbioru ładunków przez koleje radzieckie.","11.12. - ""Od kilkunastu dni utrzymują się zahamowanie odbioru ładunków przez koleje radzieckie."
38905,"Ostatnio prace nad tym zagadnieniem posuwają się w następujących kierunkach: 1) rozszerzenia poznania lodowcowych fal kinematycznych i doskonalenia ich matematycznego opisu (Shumskiy, 1975; Landon, Raymond, 1978; Hutter, 1980; Fowler, 1982) i 2) wykorzystania bilansu masy do komputerowego modelowania płynięcia lodowców (Budd, 1975; Bindschalder, 1982).","Ostatnio prace nad tym zagadnieniem posuwa się w następujących kierunkach: 1) rozszerzenia poznania lodowcowych fal kinematycznych i doskonalenia ich matematycznego opisu (Shumskiy, 1975; Landon, Raymond, 1978; Hutter, 1980; Fowler, 1982) i 2) wykorzystania bilansu masy do komputerowego modelowania płynięcia lodowców (Budd, 1975; Bindschalder, 1982)."
39044,Jeziora pod względem powierzchni oscylują w przedziale od kilku metrów kwadratowych do kilkuset tysięcy kilometrów kwadratowych.,Jeziora pod względem powierzchni oscyluje w przedziale od kilku metrów kwadratowych do kilkuset tysięcy kilometrów kwadratowych.
39082,Te cyrkulacje o niewielkim zasięgu przestrzennym nakładają się niekiedy na prądy powietrzne tworzące obraz cyrkulacji ogólnej atmosfery.,Te cyrkulacje o niewielkim zasięgu przestrzennym nakłada się niekiedy na prądy powietrzne tworzące obraz cyrkulacji ogólnej atmosfery.
39148,Metody badawcze w sieci małych zlewni najczęściej sprowadzają się do analizy regionalnej elementów hydrometeorologicznych i fizycznogeograficznych.,Metody badawcze w sieci małych zlewni najczęściej sprowadza się do analizy regionalnej elementów hydrometeorologicznych i fizycznogeograficznych.
39214,"Stanowczo odradza się naśladowanie ich przez turystów, ponieważ dla człowieka wejście na leżący na zboczu płat śniegu kończy się tragicznie.","Stanowczo odradzają się naśladowanie ich przez turystów, ponieważ dla człowieka wejście na leżący na zboczu płat śniegu kończy się tragicznie."
39282,"""Wiadomości"", wbrew przedwojennemu rodowodowi, ulegały konserwatywnemu przeważnie środowisku londyńskiemu, zamykały się przed światem i krajem, stawały się coraz bardziej anachroniczne.","""Wiadomości"", wbrew przedwojennemu rodowodowi, ulegała konserwatywnemu przeważnie środowisku londyńskiemu, zamykały się przed światem i krajem, stawały się coraz bardziej anachroniczne."
39289,"Pojawiają się zatem w naszym fizycznym opisie świata nowe oddziaływania na odległość, odznaczające się przede wszystkim tym, że poza pewną, niewielką zresztą odległością oddziałujących ciał całkowicie znikają.","pojawia się zatem w naszym fizycznym opisie świata nowe oddziaływania na odległość, odznaczające się przede wszystkim tym, że poza pewną, niewielką zresztą odległością oddziałujących ciał całkowicie znikają."
39329,"Rośliny podczas swego rozwoju pobierają fosfor zarówno z gleby jak i z podawanych nawozów, ale żadne metody analityczne nie były w stanie określić jakie występują proporcje w pobieraniu fosforu.","Rośliny podczas swego rozwoju pobiera fosfor zarówno z gleby jak i z podawanych nawozów, ale żadne metody analityczne nie były w stanie określić jakie występują proporcje w pobieraniu fosforu."
39459,Geometria pierścieni piranowych w zbadanych związkach nie odbiega w istotny sposób od geometrii w strukturach znalezionych w literaturze.,Geometria pierścieni piranowych w zbadanych związkach nie odbiegają w istotny sposób od geometrii w strukturach znalezionych w literaturze.
39513,Woda w płatach na powierzchni podłoża występuje tylko okresowo w ciągu roku - wiosną i jesienią.,Woda w płatach na powierzchni podłoża występują tylko okresowo w ciągu roku - wiosną i jesienią.
39620,"Rozwiązania z użyciem bezpośrednim wpływają na atmosferę w przestrzeni pieca i dlatego musi być zapewniona możliwość regulacji ciśnienia w piecu, a jeśli realizowany jest w nim także proces rafinacji należy przewidzieć odcinanie odciągu z przestrzeni pieca.","Rozwiązania z użyciem bezpośrednim wpływa na atmosferę w przestrzeni pieca i dlatego musi być zapewniona możliwość regulacji ciśnienia w piecu, a jeśli realizowany jest w nim także proces rafinacji należy przewidzieć odcinanie odciągu z przestrzeni pieca."
39690,"Podobnie jak dojrzałe działanie seksualne może mieć miejsce tylko wówczas, kiedy istnieje wielka serdeczność, ciepło, intymność emocjonalna oraz pewna jedność duchowa, podobnie również rozmowy o ludzkiej płciowości mogą być w pełni owocne tylko w podobnym klimacie szczerości, intymności, otwartości oraz duchowej jedności rodziców z dzieckiem.","Podobnie jak dojrzałe działanie seksualne może mieć miejsce tylko wówczas, kiedy istnieje wielka serdeczność, ciepło, intymność emocjonalna oraz pewna jedność duchowa, podobnie również rozmowy o ludzkiej płciowości może być w pełni owocne tylko w podobnym klimacie szczerości, intymności, otwartości oraz duchowej jedności rodziców z dzieckiem."
39724,"Do tych drugich, których szatan kusi pod pozorem dobra odnoszą się słowa Jezusa z Ewangelii Mateusza: „Strzeżcie się fałszywych proroków, którzy przychodzą do was w owczej skórze, a wewnątrz są drapieżnymi wilkami” (Mt 7,15) i dla nich proponuje reguły z II tygodnia.","Do tych drugich, których szatan kusi pod pozorem dobra odnosi się słowa Jezusa z Ewangelii Mateusza: „Strzeżcie się fałszywych proroków, którzy przychodzą do was w owczej skórze, a wewnątrz są drapieżnymi wilkami” (Mt 7,15) i dla nich proponuje reguły z II tygodnia."
39762,"Istnieją więc dwie postawy w obliczu sądu, którego dokonuje Jezus Chrystus – Słowo, które stało się Ciałem.","istnieje więc dwie postawy w obliczu sądu, którego dokonuje Jezus Chrystus – Słowo, które stało się Ciałem."
39771,"Pomagają w tym reguły ignacjańskie o rozdawaniu jałmużny, o skrupułach i o trzymaniu z Kościołem.","pomaga w tym reguły ignacjańskie o rozdawaniu jałmużny, o skrupułach i o trzymaniu z Kościołem."
39820,U 50 procent dzieci z azs równocześnie z procesami alergicznymi na skórze toczą się procesy alergiczne w centralnym układzie nerwowym.,U 50 procent dzieci z azs równocześnie z procesami alergicznymi na skórze toczy się procesy alergiczne w centralnym układzie nerwowym.
40046,"Najzdrowszy czas (na ćwiczenia) jest przed jedzeniem albo 3 lub 4 godziny później"".","Najzdrowszy czas (na ćwiczenia) są przed jedzeniem albo 3 lub 4 godziny później""."
40449,"Mieszkają tam i żywią się księża z danego kraju czy zakonu studiujący, niekiedy przez wiele lat, na uczelniach papieskich.","mieszka tam i żywią się księża z danego kraju czy zakonu studiujący, niekiedy przez wiele lat, na uczelniach papieskich."
40583,Od 1964 do Poznania docierają pociągi elektryczne z Warszawy.,Od 1964 do Poznania dociera pociągi elektryczne z Warszawy.
40791,Do najciekawszych należą parki w Wierzonce i Owińskach.,Do najciekawszych należy parki w Wierzonce i Owińskach.
41101,"Na pocz. XVII w. gospodarczy rozwój miasta, napływają osadnicy ze Śląska, rozwijając tkactwo, gorzelnictwo i browarnictwo.","Na pocz. XVII w. gospodarczy rozwój miasta, napływa osadnicy ze Śląska, rozwijając tkactwo, gorzelnictwo i browarnictwo."
41316,"Doświadczenia z dzieciństwa spędzonego w rodzinie alkoholowej u wielu mężczyzn i kobiet owocują w dorosłym życiu utrwalonymi schematami odczuwania, zachowania i myślenia.","Doświadczenia z dzieciństwa spędzonego w rodzinie alkoholowej u wielu mężczyzn i kobiet owocuje w dorosłym życiu utrwalonymi schematami odczuwania, zachowania i myślenia."
42089,Narażenie rozgrzanego psa na przeciągi grozi poważnymi komplikacjami ze zdrowiem.,Narażenie rozgrzanego psa na przeciągi grożą poważnymi komplikacjami ze zdrowiem.
42126,"Polowanie z psami polega na tym, że po otropieniu miotu podkładacz wpuszcza na tropy psy (tzw. dzikarze), które idąc za śladami dzików ruszają je z barłogu.","Polowanie z psami polegają na tym, że po otropieniu miotu podkładacz wpuszcza na tropy psy (tzw. dzikarze), które idąc za śladami dzików ruszają je z barłogu."
42265,"W obrębie każdej z tych kategorii istnieje zróżnicowanie za pomocą znaków ""+"" i ""-"".","W obrębie każdej z tych kategorii istnieją zróżnicowanie za pomocą znaków ""+"" i ""-""."
42538,W innym śnie również rozlega się pukanie do drzwi.,W innym śnie również rozlegają się pukanie do drzwi.
42804,"Są takie momenty w życiu, sądzę, że w mniejszym lub większym stopniu doświadczył ich każdy, kiedy w chwili przebłysku dostrzegamy z wyjątkową wyrazistością sens tego wszystkiego, co robiliśmy, czuliśmy i doświadczaliśmy oraz uświadomienie sobie tego, że wszystkie rzeczy i osoby są na swoim miejscu, a wydarzenia toczą się tak, jak powinny.","jest takie momenty w życiu, sądzę, że w mniejszym lub większym stopniu doświadczył ich każdy, kiedy w chwili przebłysku dostrzegamy z wyjątkową wyrazistością sens tego wszystkiego, co robili śmy , czuli śmy i doświadczali śmy oraz uświadomienie sobie tego, że wszystkie rzeczy i osoby są na swoim miejscu, a wydarzenia toczą się tak, jak powinny."
42902,"Zainteresowanie zagadnieniami śmierci u niektórych osób może być silne, a nawet niebezpieczne, szczególnie gdy Mars lub Pluton odbierają złe aspekty.","Zainteresowanie zagadnieniami śmierci u niektórych osób mogą być silne, a nawet niebezpieczne, szczególnie gdy Mars lub Pluton odbierają złe aspekty."
43374,3. Orzekanie w sprawach o czyn wymieniony w ust. 1 następuje na podstawie przepisów o postępowaniu karnym.,3. Orzekanie w sprawach o czyn wymieniony w ust. 1 następują na podstawie przepisów o postępowaniu karnym.
43404,"Jeżeli przed dniem wejścia w życie ustawy Skarb Państwa rozpoczął udostępnianie akcji na zasadach preferencyjnych, nabywanie przez uprawnionych pracowników i plantatorów akcji spółek powstałych w wyniku przekształcenia przedsiębiorstw państwowych odbywa się na zasadach określonych w przepisach dotychczasowych.","Jeżeli przed dniem wejścia w życie ustawy Skarb Państwa rozpoczął udostępnianie akcji na zasadach preferencyjnych, nabywanie przez uprawnionych pracowników i plantatorów akcji spółek powstałych w wyniku przekształcenia przedsiębiorstw państwowych odbywają się na zasadach określonych w przepisach dotychczasowych."
43432,"1. Jeżeli objęte scaleniem lub wymianą grunty zmeliorowane poddano ponownej klasyfikacji gleboznawczej przed dokonaniem szacunku i jeśli przypadły one w wyniku scalenia lub wymiany innemu uczestnikowi, opłata melioracyjna z tych gruntów obciąża w całości dotychczas zobowiązanego.","1. Jeżeli objęte scaleniem lub wymianą grunty zmeliorowane poddano ponownej klasyfikacji gleboznawczej przed dokonaniem szacunku i jeśli przypadły one w wyniku scalenia lub wymiany innemu uczestnikowi, opłata melioracyjna z tych gruntów obciążają w całości dotychczas zobowiązanego."
43546,"3. Terenowe organy administracji państwowej o właściwości ogólnej stopnia wojewódzkiego, na których terenie ustalono siedziby Naczelnej i okręgowych izb lekarskich, zapewnią warunki lokalowe i techniczne niezbędne dla działalności izb.","3. Terenowe organy administracji państwowej o właściwości ogólnej stopnia wojewódzkiego, na których terenie ustalono siedziby Naczelnej i okręgowych izb lekarskich, zapewni warunki lokalowe i techniczne niezbędne dla działalności izb."
43986,"Kształcenie dorosłych w formach szkolnych odbywa się w szkołach podstawowych, ponadpodstawowych i szkołach wyższych, zwanych dalej ""szkołami"".","Kształcenie dorosłych w formach szkolnych odbywają się w szkołach podstawowych, ponadpodstawowych i szkołach wyższych, zwanych dalej ""szkołami""."
44047,7. Egzamin dla osób ubiegających się o uzupełnienie posiadanych uprawnień budowlanych wpisem określającym specjalizację obejmuje wyłącznie sprawdzenie umiejętności praktycznego zastosowania wiedzy technicznej w zakresie danej specjalizacji.,7. Egzamin dla osób ubiegających się o uzupełnienie posiadanych uprawnień budowlanych wpisem określającym specjalizację obejmują wyłącznie sprawdzenie umiejętności praktycznego zastosowania wiedzy technicznej w zakresie danej specjalizacji.
44232,"Prokuratorzy z Łodzi już drugi rok zastanawiają się, czy były podstawy, aby zatrzymać Barbarę Blidę w jej domu i siłą doprowadzić na przesłuchanie.","Prokuratorzy z Łodzi już drugi rok zastanawia się, czy były podstawy, aby zatrzymać Barbarę Blidę w jej domu i siłą doprowadzić na przesłuchanie."
44864,1:10 - Rozpoczyna się ostrzejsze podejście po kamiennych stopniach.,1:10 - rozpoczynają się ostrzejsze podejście po kamiennych stopniach.
45094,Tak robią wandale na wikipedii.,Tak robi wandale na wikipedii.
45367,Młode w liczbie od 1 do 3 rodzą się zawsze późną wiosną.,Młode w liczbie od 1 do 3 rodzi się zawsze późną wiosną.
45514,Może teraz związkowcy z JSW z niego skorzystają?,Może teraz związkowcy z JSW z niego skorzysta?
45810,"Następnie przyjdzie czas na gimnazjalistów, którzy będą startowali w biegach na 800 i 1000 metrów.","Następnie przyjdą czas na gimnazjalistów, którzy będą startowali w biegach na 800 i 1000 metrów."
45942,"Ponieważ doświadczenia na psp są w tej materii, więc może by tak zbiorowym wysiłkiem a pieniążki na jakiś zbożny cel...","Ponieważ doświadczenia na psp jest w tej materii, więc może by tak zbiorowym wysiłkiem a pieniążki na jakiś zbożny cel..."
46268,Pomagają okłady z rumianku.,pomaga okłady z rumianku.
46446,"Przychodzą mi do głowy dwie odpowiedzi na to zagadnienie, na pewno jest ich o wiele więcej, jest to odpowiedź gorliwego wyznawcy albo szydercy-realisty.","przychodzi mi do głowy dwie odpowiedzi na to zagadnienie, na pewno jest ich o wiele więcej, jest to odpowiedź gorliwego wyznawcy albo szydercy-realisty."
46610,"Warunkiem koniecznym jest dobry kontakt z rodzicami, którzy będą potrafili osłabić niektóre naprawdę stresujące zachowania nauczycieli i pokazać co naprawdę jest ważne w życiu.","Warunkiem koniecznym są dobry kontakt z rodzicami, którzy będą potrafili osłabić niektóre naprawdę stresujące zachowania nauczycieli i pokazać co naprawdę jest ważne w życiu."
47389,"Bardzo ogólne i zewnętrzne podobieństwo naszych zdań do konstrukcji zdań w języku angielskim jednak występuje, przyznaj: Jam Łasica.","Bardzo ogólne i zewnętrzne podobieństwo naszych zdań do konstrukcji zdań w języku angielskim jednak występują, przyznaj: Ja m Łasica."
47542,"Tu jest jeszcze ciekawy artykuł o szympansach między innymi (akurat te zwierzęta często się w wege dyskusjach przewijają, że tak powiem): http://arch2.rzeczpospolita.pl:80/a/rz/1997/02/19970208/199702080126.html","Tu są jeszcze ciekawy artykuł o szympansach między innymi (akurat te zwierzęta często się w wege dyskusjach przewijają, że tak powiem): http://arch2.rzeczpospolita.pl:80/a/rz/1997/02/19970208/199702080126.html"
47759,"Polecam ""Wrzesień 1939 na kresach w relacjach"" Grzelaka.","polecamy ""Wrzesień 1939 na kresach w relacjach"" Grzelaka."
48343,od szeregu lat dzieją się różne tajemnicze rzeczy wokół. tego. przemysłu tej branży przemysłu,od szeregu lat dzieje się różne tajemnicze rzeczy wokół. tego. przemysłu tej branży przemysłu
48418,yyy jakie są pola do eksploatacji ?,yyy jakie jest pola do eksploatacji ?
49148,i tutaj faktycznie są bardzo duże nakłady na to żeby ten człowiek przeżył,i tutaj faktycznie jest bardzo duże nakłady na to żeby ten człowiek przeżył
51156,"Spotkanie Polsko-Wietnamskiej Grupy Parlamentarnej z przedstawicielami organizacji wietnamskich w Polsce odbędzie się w dniu dzisiejszym, to jest 18 lipca 2001 r., o godz. 11 w sali konferencyjnej w nowym Domu Poselskim.","Spotkanie Polsko-Wietnamskiej Grupy Parlamentarnej z przedstawicielami organizacji wietnamskich w Polsce odbędą się w dniu dzisiejszym, to jest 18 lipca 2001 r., o godz. 11 w sali konferencyjnej w nowym Domu Poselskim."
51892,"- Koalicja rządząca zarówno w oficjalnych wypowiedziach, jak i w rozmowach kuluarowych, konsekwentnie próbuje nazywać reformą zmiany zachodzące w systemie opieki zdrowotnej, przypisując sobie wątpliwe, jak na razie, sukcesy, a porażkami i niedoskonałościami dotychczasowych regulacji obciążać poprzedni rząd, a przede wszystkim poprzedni parlament.","- Koalicja rządząca zarówno w oficjalnych wypowiedziach, jak i w rozmowach kuluarowych, konsekwentnie próbują nazywać reformą zmiany zachodzące w systemie opieki zdrowotnej, przypisując sobie wątpliwe, jak na razie, sukcesy, a porażkami i niedoskonałościami dotychczasowych regulacji obciążać poprzedni rząd, a przede wszystkim poprzedni parlament."
55734,– stanie w korkach po prostu jeszcze dwa razy bardziej wyprowadza człowieka z równowagi.,– stanie w korkach po prostu jeszcze dwa razy bardziej wyprowadzają człowieka z równowagi.
58886,Krótki spacerek po przejściach dla pieszych w okolicach przystanku zadowoli wasze najbardziej wyrafinowane gusta.,Krótki spacerek po przejściach dla pieszych w okolicach przystanku zadowolą wasze najbardziej wyrafinowane gusta.
59094,"Następnie przyszły porażki z Pogonią, Kolbuszowianką (0-5), Strugiem Tyczyn i JKS Jarosław.","Następnie przyszła porażki z Pogonią, Kolbuszowianką (0-5), Strugiem Tyczyn i JKS Jarosław."
59163,Świetnie bronili w tym meczu obaj bramkarze Osgood w Islandersach i Fin Kiprusoffa w San Jose.,Świetnie bronił w tym meczu obaj bramkarze Osgood w Islandersach i Fin Kiprusoffa w San Jose.
59186,Po krótkim dochodzeniu wyszły na jaw związki z kradzieżą rzeźb dokonaną w styczniu z kościoła w Limanowej.,Po krótkim dochodzeniu wyszedł na jaw związki z kradzieżą rzeźb dokonaną w styczniu z kościoła w Limanowej.
59211,"Przy zwolnieniach grupowych procedura wygląda w ten sposób, że owa dramatyczna decyzja podjęta przez dyrekcję przedsiębiorstwa poprzedzona być musi konsultacjami ze związkami zawodowymi.","Przy zwolnieniach grupowych procedura wyglądają w ten sposób, że owa dramatyczna decyzja podjęta przez dyrekcję przedsiębiorstwa poprzedzona być musi konsultacjami ze związkami zawodowymi."
59570,Wówczas kobiety w wieku 50-69 lat będą mogły przejść badanie mammograficzne wykonane przez specjalistów z Zachodniopomorskigo Centrum Onkologii.,Wówczas kobiety w wieku 50-69 lat będą mogła przejść badanie mammograficzne wykonane przez specjalistów z Zachodniopomorskigo Centrum Onkologii.
59682,W Szkole Podstawowej w Białuniu odbyły się wczoraj konsultacje społeczne w sprawie przekazania zarządzania placówką lokalnym środowiskom.,W Szkole Podstawowej w Białuniu odbyła się wczoraj konsultacje społeczne w sprawie przekazania zarządzania placówką lokalnym środowiskom.
59778,2. Niektóre samochody w firmie mają tzw. przepał (ponadnormatywne zużycie paliwa) rzędu 200 do 500 litrów paliwa miesięcznie.,2. Niektóre samochody w firmie ma tzw. przepał (ponadnormatywne zużycie paliwa) rzędu 200 do 500 litrów paliwa miesięcznie.
59780,"3. Do Stacji Demontażu Pojazdów firmy zgłaszają się osoby o wycofanie pojazdów ciężarowych z eksploatacji jedynie na podstawie dokumentów bez dostarczania pojazdu do rzeczywistego demontażu, co jest niezgodne z prawem.","3. Do Stacji Demontażu Pojazdów firmy zgłasza się osoby o wycofanie pojazdów ciężarowych z eksploatacji jedynie na podstawie dokumentów bez dostarczania pojazdu do rzeczywistego demontażu, co jest niezgodne z prawem."
59805,W miniony czwartek w Zespole Kształcenia i Wychowania w Bytoni spotkali się przedsiębiorcy z gminy Zblewo z przedstawicielami Starogadzkiego Klubu Biznesu.,W miniony czwartek w Zespole Kształcenia i Wychowania w Bytoni spotkał się przedsiębiorcy z gminy Zblewo z przedstawicielami Starogadzkiego Klubu Biznesu.
59865,W dniu otwarcia kas na bramkach wyjazdowych A-1 protestowali na trasie gdańscy politycy PiS z posłem Jackiem Kurskim na czele.,W dniu otwarcia kas na bramkach wyjazdowych A-1 protestował na trasie gdańscy politycy PiS z posłem Jackiem Kurskim na czele.
59881,"Jeżeli okaże się, że nielegalny spirytus został wprowadzony do obiegu, a jego spożycie zagrażało życiu lub zdrowiu ludzi, to zatrzymanemu mężczyźnie grozi kara do 8 lat pozbawienia wolności.","Jeżeli okaże się, że nielegalny spirytus został wprowadzony do obiegu, a jego spożycie zagrażało życiu lub zdrowiu ludzi, to zatrzymanemu mężczyźnie grożą kara do 8 lat pozbawienia wolności."
59938,"Niestety, teren nad jeziorami nie należy do nas, więc nic na ten temat nie wiem.","Niestety, teren nad jeziorami nie należą do nas, więc nic na ten temat nie wiem."
59977,- To do kogo chodzić? - wypytywały doktora Monczaka panie z sali.,- To do kogo chodzić? - wypytywała doktora Monczaka panie z sali.
60012,"– Turysta jest mile widziany, ale my tez coś z miasta chcemy mieć – odzywały się głosy z sali.","– Turysta jest mile widziany, ale my tez coś z miasta chcemy mieć – odzywał się głosy z sali."
60040,Policjanci z malborskiej komendy zatrzymali 28-letnią mieszkankę Nowego Stawu.,Policjanci z malborskiej komendy zatrzymał 28-letnią mieszkankę Nowego Stawu.
60083,Są także filmy z okresu sprzed zniszczenia.,jest także filmy z okresu sprzed zniszczenia.
60154,"Są wśród nich Zakłady Tłuszczowe SA w Kruszwicy, które do swoich plantatorów zwróciły się już z wymaganymi przez prawo ogłoszeniami, między innymi w naszej gazecie.","jest wśród nich Zakłady Tłuszczowe SA w Kruszwicy, które do swoich plantatorów zwróciły się już z wymaganymi przez prawo ogłoszeniami, między innymi w naszej gazecie."
60333,"Na ich kartach toczy się swoisty dialog pomiędzy jeńcami, ich rodzinami i nieraz komendanturą obozów.","Na ich kartach toczą się swoisty dialog pomiędzy jeńcami, ich rodzinami i nieraz komendanturą obozów."
60524,"- Strażnicy kończą pracę o 22, a wtedy dopiero zaczynają grasować huligani, dresiarze i inni - dodaje kolejny Czytelnik z Polic.","- Strażnicy kończą pracę o 22, a wtedy dopiero zaczynają grasować huligani, dresiarze i inni - dodają kolejny Czytelnik z Polic."
61342,"Sprawozdania z listopada 1941 r. świadczą o tym, że udało się zahamować wysoką śmiertelność w sierocińcach, z wyjątkiem Głównego Domu Schronienia, gdzie w jednym miesiącu zmarło 18 procent dzieci.","Sprawozdania z listopada 1941 r. świadczy o tym, że udało się zahamować wysoką śmiertelność w sierocińcach, z wyjątkiem Głównego Domu Schronienia, gdzie w jednym miesiącu zmarło 18 procent dzieci."
61677,"Szkolnictwo publiczne i niepubliczne, z uczelniami wojskowymi włącznie – z wyjątkiem szkół kościelnych i seminariów duchownych – musi zapewnić równy dostęp obu płci do kształcenia.","Szkolnictwo publiczne i niepubliczne, z uczelniami wojskowymi włącznie – z wyjątkiem szkół kościelnych i seminariów duchownych – muszą zapewnić równy dostęp obu płci do kształcenia."
62121,"Chłopaki z AWS pouciekali do innych organizacji mając nadzieję, że jakoś uda im się przeczekać następne cztery lata pod skrzydłami m. in. PO i PiS ""na garnuszku"" regularnie napełnianym z kieszeni podatników.","Chłopaki z AWS pouciekał do innych organizacji mając nadzieję, że jakoś uda im się przeczekać następne cztery lata pod skrzydłami m. in. PO i PiS ""na garnuszku"" regularnie napełnianym z kieszeni podatników."
62195,Na piersiach dyndały im krzyże z Jezusem Chrystusem.,Na piersiach dyndał im krzyże z Jezusem Chrystusem.
62324,"I wtedy gołębie oraz balony z AWS wzniosą się w niebo i uderzy też w nie śpiew: ""Boże coś Polskę"".","I wtedy gołębie oraz balony z AWS wzniesie się w niebo i uderzy też w nie śpiew: ""Boże co ś Polskę""."
62411,"Ani nauczyciele z IX LO, ani też policja nie wiedzą, dlaczego Piotr zrobił to, co zrobił.","Ani nauczyciele z IX LO, ani też policja nie wie, dlaczego Piotr zrobił to, co zrobił."
62446,"Obcowanie – nawet w tak eschatologicznych okolicznościach – z Czechami, narodem pogodnym – wpływa krzepiąco na żywych Polaków.","Obcowanie – nawet w tak eschatologicznych okolicznościach – z Czechami, narodem pogodnym – wpływają krzepiąco na żywych Polaków."
62521,"Jak wiadomo, naukowcy z firmy Advanced Cell Technology (ACT) ogłosili 25 listopada 2001 r., że udało im się stworzyć metodą klonowania sześciokomórkowy ludzki zarodek.","Jak wiadomo, naukowcy z firmy Advanced Cell Technology (ACT) ogłosił 25 listopada 2001 r., że udało im się stworzyć metodą klonowania sześciokomórkowy ludzki zarodek."
62571,"Powoli wygasają konflikty między różnymi grupami młodzieży w mieście, policja polubiła punków, nobliwi obywatele z pobłażaniem patrzą na kolorowe czuby.","Powoli wygasa konflikty między różnymi grupami młodzieży w mieście, policja polubiła punków, nobliwi obywatele z pobłażaniem patrzą na kolorowe czuby."
62874,"Paradoksalnie na najbardziej niezależnych wyrastają w tym układzie ludzie z pokolenia Rakowskiego, żyjący lub wegetujący z emerytury.","Paradoksalnie na najbardziej niezależnych wyrasta w tym układzie ludzie z pokolenia Rakowskiego, żyjący lub wegetujący z emerytury."
62904,"Szanowni dyskutanci z RP i Francji, profesorowie, dziennikarze i papierożercy z urzędów nie raczyli przy okazji takich dyskusji zauważyć pewnego elementu, który nie mieści się w ramach ich kontroli.","Szanowni dyskutanci z RP i Francji, profesorowie, dziennikarze i papierożercy z urzędów nie raczył przy okazji takich dyskusji zauważyć pewnego elementu, który nie mieści się w ramach ich kontroli."
62975,W 2003 r. czarni z Chełma zechcieli rehabilitować niepełnosprawnych.,W 2003 r. czarni z Chełma zechciał rehabilitować niepełnosprawnych.
63161,Główni decydenci w UE – Francuzi i Niemcy – zabiegają o względy Putina mając w głębokim poważaniu „osła trojańskiego” jankesów.,Główni decydenci w UE – Francuzi i Niemcy – zabiega o względy Putina mając w głębokim poważaniu „osła trojańskiego” jankesów.
63507,"Jak pompy nie nadążają, to automatycznie podnosi się poziom wody we wszystkich rowach, na polach.","Jak pompy nie nadążają, to automatycznie podnoszą się poziom wody we wszystkich rowach, na polach."
63651,"Po dymisjach ministrów były wakaty zarówno w rządzie Hanny Suchockiej, jak i Waldemara Pawlaka.","Po dymisjach ministrów był wakaty zarówno w rządzie Hanny Suchockiej, jak i Waldemara Pawlaka."
63716,"Organizacja U.S. English, która skupia milion członków, stawia sobie za cel uczynienie z angielskiego oficjalnego, urzędowego języka we wszystkich stanach (obecnie obowiązuje w 23), na wszystkich szczeblach administracji.","Organizacja U.S. English, która skupia milion członków, stawiają sobie za cel uczynienie z angielskiego oficjalnego, urzędowego języka we wszystkich stanach (obecnie obowiązuje w 23), na wszystkich szczeblach administracji."
63839,Dzięki niej komuniści z PKK mogą działać właściwie bez przeszkód.,Dzięki niej komuniści z PKK może działać właściwie bez przeszkód.
63958,"Wtedy to, w ciągu jednego tylko roku płace w górnictwie, wzrosły o 48,8 proc.","Wtedy to, w ciągu jednego tylko roku płace w górnictwie, wzrosła o 48,8 proc."
63980,"Inwestorzy w Europie i USA obawiają się wpływu azjatyckiego kryzysu na wyniki banków, a także firm m.in. z sektora elektronicznego i komputerowego.","Inwestorzy w Europie i USA obawia się wpływu azjatyckiego kryzysu na wyniki banków, a także firm m.in. z sektora elektronicznego i komputerowego."
64038,Czyżby urzędnicy z MSZ mieliby samodzielnie decydować w tak poważnej sprawie?,Czyżby urzędnicy z MSZ miał by samodzielnie decydować w tak poważnej sprawie?
64049,Na razie nawet na plan dalszy zeszły zabiegi o pozyskanie w parlamencie większości zdolnej do odrzucania prezydenckiego weta.,Na razie nawet na plan dalszy zszedł zabiegi o pozyskanie w parlamencie większości zdolnej do odrzucania prezydenckiego weta.
64413,"Leśnicy z Rzepina twierdzą, że zwierzęta są bezkonkurencyjne - techniczne metody walki ze szkodnikami sporo kosztują i nie zawsze są skuteczne.","Leśnicy z Rzepina twierdzi, że zwierzęta są bezkonkurencyjne - techniczne metody walki ze szkodnikami sporo kosztują i nie zawsze są skuteczne."
64417,Tak makabrycznego i niesamowitego wypadku policjanci ze Świecia (Kujawsko-Pomorskie) nigdy nie widzieli.,Tak makabrycznego i niesamowitego wypadku policjanci ze Świecia (Kujawsko-Pomorskie) nigdy nie widział.
64565,"Obecne temperatury, zwłaszcza na południu kraju, potwierdzają to.","Obecne temperatury, zwłaszcza na południu kraju, potwierdza to."
64729,"W Polsce są cztery ośrodki, w których przeprowadza się transplantacje serca - w Zabrzu, Krakowie i dwa w Warszawie.","W Polsce jest cztery ośrodki, w których przeprowadza się transplantacje serca - w Zabrzu, Krakowie i dwa w Warszawie."
64752,Towarzyszyli mu polscy policjanci ze specjalnego wydziału zajmującego się deportacją z Komendy Głównej Policji.,towarzyszył mu polscy policjanci ze specjalnego wydziału zajmującego się deportacją z Komendy Głównej Policji.
64789,"Policjanci z BSW w operacji ""Spółdzielnia"" od pół roku tropili nieuczciwych kolegów.","Policjanci z BSW w operacji ""Spółdzielnia"" od pół roku tropił nieuczciwych kolegów."
64866,"Większość z nich ma dyplomy psychologów, terapeutów, informatyków, lekarzy i prawników, zdobyte na studiach cywilnych.","Większość z nich mają dyplomy psychologów, terapeutów, informatyków, lekarzy i prawników, zdobyte na studiach cywilnych."
65091,"Jeżeli tak było, grozi im kara do pięciu lat więzienia.","Jeżeli tak było, grożą im kara do pięciu lat więzienia."
65118,"Spece od wizerunku doradzają Jarosławowi Kaczyńskiemu, żeby zapuścił wąsy, bo to odróżni go od brata.","Spece od wizerunku doradza Jarosławowi Kaczyńskiemu, żeby zapuścił wąsy, bo to odróżni go od brata."
65199,Ale ludzie na Śląsku już boją się o swoje córki.,Ale ludzie na Śląsku już boi się o swoje córki.
65220,"Trzy szkoły ze Śląska dotarły do wielkiego finału konkursu ""Super Szkoła"", którego organizatorem jest ""Super Express"".","Trzy szkoły ze Śląska dotarła do wielkiego finału konkursu ""Super Szkoła"", którego organizatorem jest ""Super Express""."
65254,Ale przeludnienie w więzieniach nie może być powodem wypuszczania bandytów na wolność.,Ale przeludnienie w więzieniach nie mogą być powodem wypuszczania bandytów na wolność.
65280,Największą w Polsce szajkę rozpowszechniającą dziecięcą pornografię rozbili policjanci z Poznania.,Największą w Polsce szajkę rozpowszechniającą dziecięcą pornografię rozbił policjanci z Poznania.
65301,"Życie Wojtusiowi w ostatniej chwili uratowali lekarze ze Szpitala Dziecięcego Uniwersytetu Jagiellońskiego w Krakowie, ale o pełnym powrocie do zdrowia nie ma na razie mowy.","Życie Wojtusiowi w ostatniej chwili uratował lekarze ze Szpitala Dziecięcego Uniwersytetu Jagiellońskiego w Krakowie, ale o pełnym powrocie do zdrowia nie ma na razie mowy."
65639,"Chirurdzy z dziecięcego szpitala w Prokocimiu razem z prof. Scottem Barlettem z Filadelfii, który operował dziecko, nie mogą się nadziwić efektom operacji.","Chirurdzy z dziecięcego szpitala w Prokocimiu razem z prof. Scottem Barlettem z Filadelfii, który operował dziecko, nie może się nadziwić efektom operacji."
65774,Praca dla polonistek się znajdzie.,Praca dla polonistek się znajdą.
65789,"Jeśli okaże się, że matka swoim zachowaniem naraziła dzieci na bezpośrednie niebezpieczeństwo utraty życia lub zdrowia, może jej grozić kara nawet do 3 lat pozbawienia wolności.","Jeśli okaże się, że matka swoim zachowaniem naraziła dzieci na bezpośrednie niebezpieczeństwo utraty życia lub zdrowia, mogą jej grozić kara nawet do 3 lat pozbawienia wolności."
66277,"Za naruszenie tego zakazu cudzoziemcowi grozi grzywna do 30 tysięcy koron (około 4,3 tys. zł).","Za naruszenie tego zakazu cudzoziemcowi grożą grzywna do 30 tysięcy koron (około 4,3 tys. zł)."
66325,"Posłanki z PiS ""przy wodopoju"" pojawiły się już podczas debaty nad exposé nowego premiera.","Posłanki z PiS ""przy wodopoju"" pojawiła się już podczas debaty nad exposé nowego premiera."
66493,"Związkowcy z Sierpnia 80 zapowiedzieli, że nie opuszczą siedzib spółek do czasu uzyskania gwarancji wypłacenia nagród.","Związkowcy z Sierpnia 80 zapowiedział, że nie opuszczą siedzib spółek do czasu uzyskania gwarancji wypłacenia nagród."
66514,Raz w roku do miasteczka ściągają turyści z całego kraju i z zagranicy.,Raz w roku do miasteczka ściąga turyści z całego kraju i z zagranicy.
66926,"– Politycy w Warszawie uspokajają, że mamy silną gospodarkę, idącą wciąż siłą rozpędu.","– Politycy w Warszawie uspokaja, że mamy silną gospodarkę, idącą wciąż siłą rozpędu."
66954,Kilka dni później do PUP weszli kontrolerzy z Państwowej Inspekcji Pracy.,Kilka dni później do PUP wszedł kontrolerzy z Państwowej Inspekcji Pracy.
67267,"Zbliżają się wybory na Białorusi, w których Polska bardzo aktywnie wspiera opozycję przeciw Łukaszence, a na koncertach ""Solidarni z Białorusią"" śpiewa się piosenki, które w Mińsku są zakazane.","zbliża się wybory na Białorusi, w których Polska bardzo aktywnie wspiera opozycję przeciw Łukaszence, a na koncertach ""Solidarni z Białorusią"" śpiewa się piosenki, które w Mińsku są zakazane."
67628,"Karuzela z nazwiskami pretendentów do ratuszy kręci się coraz szybciej, ale konkrety będą znane dopiero w kwietniu.","Karuzela z nazwiskami pretendentów do ratuszy kręcą się coraz szybciej, ale konkrety będą znane dopiero w kwietniu."
67722,Oferty (nie tylko z Finlandii) pojawiają się na stronach internetowych Europejskich Służb Zatrudnienia www.eures.praca.gov.pl.,Oferty (nie tylko z Finlandii) pojawia się na stronach internetowych Europejskich Służb Zatrudnienia www.eures.praca.gov.pl.
67793,"Jak się dowiadujemy, dziś średnia pensja doradcy w gabinetach politycznych oscyluje wokół 8 tys. złotych.","Jak się dowiadujemy, dziś średnia pensja doradcy w gabinetach politycznych oscylują wokół 8 tys. złotych."
67806,"Dziwią zastrzeżenia Olejniczaka do pomysłu lustracji majątkowej, bo to jeden z nielicznych pomysłów nowej ekipy rządzącej, który ma powszechne poparcie i na którym PiS może zbić duży kapitał społeczny.","dziwi zastrzeżenia Olejniczaka do pomysłu lustracji majątkowej, bo to jeden z nielicznych pomysłów nowej ekipy rządzącej, który ma powszechne poparcie i na którym PiS może zbić duży kapitał społeczny."
67844,"Najczęstszym z nich jest wytwarzanie przez mikroorganizmy specjalnych enzymów, tzw. beta-laktamaz, które niszczą pierścień betalaktamowy antybiotyków czyniąc je całkowicie nieskutecznym.","Najczęstszym z nich są wytwarzanie przez mikroorganizmy specjalnych enzymów, tzw. beta-laktamaz, które niszczą pierścień betalaktamowy antybiotyków czyniąc je całkowicie nieskutecznym."
67847,"- Chyba od łopaty... - rzuca z sali 50-latek z przyklejonymi na czole włosami ""pożyczonymi"" z potylicy.","- Chyba od łopaty... - rzucają z sali 50-latek z przyklejonymi na czole włosami ""pożyczonymi"" z potylicy."
68097,"Osoby o najniższych dochodach w pierwszym roku obowiązywania nowych przepisów płaciłyby więc na tych samych zasadach, co dziś (czyli 19 proc. dochodu).","Osoby o najniższych dochodach w pierwszym roku obowiązywania nowych przepisów płaciła by więc na tych samych zasadach, co dziś (czyli 19 proc. dochodu)."
68195,"O swojej lojalności - mimo wyroku niezawisłego sądu - zapewnili go koledzy z SLD: ""Bez względu na okoliczności jesteśmy z Tobą.","O swojej lojalności - mimo wyroku niezawisłego sądu - zapewnił go koledzy z SLD: ""Bez względu na okoliczności jesteśmy z Tobą."
68213,"Policjanci z Inspektoratu Komendy Głównej ustalili wstępnie, że zachowanie policyjnej eskorty było nieprawidłowe.","Policjanci z Inspektoratu Komendy Głównej ustalił wstępnie, że zachowanie policyjnej eskorty było nieprawidłowe."
68324,"Według dziennika ""Washington Post"", władze w Islamabadzie przeniosły ostatnio arsenał jądrowy do sześciu nowych baz, których lokalizację utrzymuje się w ścisłej tajemnicy.","Według dziennika ""Washington Post"", władze w Islamabadzie przeniosła ostatnio arsenał jądrowy do sześciu nowych baz, których lokalizację utrzymuje się w ścisłej tajemnicy."
68498,"Rabini z ortodoksyjnego, religijno-nacjonalistycznego ruchu Kach postanowili rzucić na Ojca Świętego klątwę.","Rabini z ortodoksyjnego, religijno-nacjonalistycznego ruchu Kach postanowił rzucić na Ojca Świętego klątwę."
68624,Kolejną aferę w zakładach pracy chronionej ujawnili policjanci z wydziału do walki z przestępczością gospodarczą Komendy Wojewódzkiej w Olsztynie.,Kolejną aferę w zakładach pracy chronionej ujawnił policjanci z wydziału do walki z przestępczością gospodarczą Komendy Wojewódzkiej w Olsztynie.
